City_ID,City,Country,Date,Lat,Lng,Max Temp,Humidity,Cloudiness,Wind Speed
0,Vaini,TO,2021-03-28 02:12:34,-21.2,-175.2,86.0,74,40,9.22
1,Chifeng,CN,2021-03-28 02:12:34,42.2683,118.9636,47.19,32,0,23.31
2,Bredasdorp,ZA,2021-03-28 02:12:35,-34.5322,20.0403,48.2,87,63,5.75
3,Jamestown,US,2021-03-28 02:12:35,42.097,-79.2353,55.4,50,1,4.94
4,Whitehorse,CA,2021-03-28 02:12:35,60.7161,-135.0538,28.0,86,90,10.36
5,Grootfontein,NA,2021-03-28 02:12:35,-19.5667,18.1167,59.0,88,17,2.3
6,Albany,US,2021-03-28 02:12:36,42.6001,-73.9662,46.99,64,9,1.07
7,Tuktoyaktuk,CA,2021-03-28 02:12:36,69.4541,-133.0374,-11.2,77,40,5.75
8,Pitimbu,BR,2021-03-28 02:12:36,-7.4706,-34.8086,77.0,100,75,8.05
9,Comodoro Rivadavia,AR,2021-03-28 02:09:38,-45.8667,-67.5,71.6,37,0,28.77
10,Pisco,PE,2021-03-28 02:09:06,-13.7,-76.2167,69.01,77,0,9.22
11,Necochea,AR,2021-03-28 02:11:19,-38.5473,-58.7368,61.0,86,9,4.0
12,Ampanihy,MG,2021-03-28 02:12:37,-24.7,44.75,68.34,93,0,2.95
13,Gravdal,NO,2021-03-28 02:12:37,68.1214,13.5031,36.91,64,87,23.42
14,Sarkand,KZ,2021-03-28 02:12:37,45.41,79.9186,44.6,86,100,4.99
15,Punta Arenas,CL,2021-03-28 02:12:37,-53.15,-70.9167,48.2,71,0,47.18
16,Waddan,LY,2021-03-28 02:12:38,29.1614,16.139,53.96,50,11,8.99
17,Ilulissat,GL,2021-03-28 02:10:56,69.2167,-51.1,-14.8,53,1,6.91
18,Dalnerechensk,RU,2021-03-28 02:12:38,45.9339,133.7225,42.96,87,77,3.15
19,Tual,ID,2021-03-28 02:12:38,-5.6667,132.75,79.65,85,100,10.51
20,Waipawa,NZ,2021-03-28 02:12:39,-41.4122,175.5153,69.8,60,75,19.57
21,Ushuaia,AR,2021-03-28 02:11:32,-54.8,-68.3,53.6,54,75,21.85
22,Dikson,RU,2021-03-28 02:12:39,73.5069,80.5464,-19.84,100,100,8.93
23,Atuona,PF,2021-03-28 02:12:39,-9.8,-139.0333,81.21,76,100,20.09
24,Pyshchug,RU,2021-03-28 02:12:39,58.8873,45.7134,17.71,97,42,3.78
25,Hobart,AU,2021-03-28 02:07:47,-42.8794,147.3294,64.99,48,75,16.11
26,Sitka,US,2021-03-28 02:11:36,57.0531,-135.33,37.4,70,75,11.5
27,Carnarvon,AU,2021-03-28 02:12:40,-24.8667,113.6333,89.6,45,0,5.75
28,Hithadhoo,MV,2021-03-28 02:12:40,-0.6,73.0833,83.5,73,100,14.56
29,Lagoa,PT,2021-03-28 02:12:40,39.05,-27.9833,59.43,84,81,13.94
30,Mar Del Plata,AR,2021-03-28 02:09:11,-38.0023,-57.5575,62.6,94,90,17.27
31,Luderitz,NA,2021-03-28 02:12:41,-26.6481,15.1594,63.25,68,0,10.76
32,Tautira,PF,2021-03-28 02:12:41,-17.7333,-149.15,87.8,55,40,8.05
33,East London,ZA,2021-03-28 02:08:02,-33.0153,27.9116,63.46,72,27,10.36
34,Lebu,CL,2021-03-28 02:12:41,-37.6167,-73.65,55.74,87,0,18.41
35,Celestun,MX,2021-03-28 02:12:41,20.8667,-90.4,86.09,51,46,15.7
36,Touros,BR,2021-03-28 02:12:42,-5.1989,-35.4608,75.2,100,40,4.61
37,Kaeo,NZ,2021-03-28 02:12:42,-35.1,173.7833,69.01,84,100,8.99
38,Tigre,AR,2021-03-28 02:12:42,-34.426,-58.5796,64.0,88,0,3.44
39,Rikitea,PF,2021-03-28 02:12:43,-23.1203,-134.9692,79.45,72,0,18.28
40,Saint-Philippe,RE,2021-03-28 02:12:43,-21.3585,55.7679,75.2,83,0,6.91
41,Busselton,AU,2021-03-28 02:12:43,-33.65,115.3333,73.99,58,0,4.0
42,Castro,BR,2021-03-28 02:12:43,-24.7911,-50.0119,64.29,90,100,1.1
43,Hobyo,SO,2021-03-28 02:12:43,5.3505,48.5268,79.48,79,72,12.62
44,Upernavik,GL,2021-03-28 02:12:44,72.7868,-56.1549,-29.72,94,55,5.08
45,Bethel,US,2021-03-28 02:12:44,41.3712,-73.414,55.4,54,1,6.91
46,Anchorage,US,2021-03-28 02:12:05,61.2181,-149.9003,35.6,32,75,21.85
47,Port Alfred,ZA,2021-03-28 02:12:44,-33.5906,26.891,61.34,78,69,6.53
48,Kosikha,RU,2021-03-28 02:12:50,53.3617,84.5822,35.6,87,75,11.18
49,Chuy,UY,2021-03-28 02:12:50,-33.6971,-53.4616,66.88,92,100,5.39
50,San Policarpo,PH,2021-03-28 02:12:50,12.1791,125.5072,82.04,80,99,9.26
51,Cape Town,ZA,2021-03-28 02:12:50,-33.9258,18.4232,62.01,82,0,3.44
52,Vao,NC,2021-03-28 02:12:51,-22.6667,167.4833,78.31,77,19,11.54
53,Goderich,CA,2021-03-28 02:12:51,43.7501,-81.7165,44.6,87,100,4.61
54,Mahon,ES,2021-03-28 02:09:35,39.8885,4.2658,50.0,87,0,9.22
55,Grand Gaube,MU,2021-03-28 02:12:51,-20.0064,57.6608,75.99,85,98,1.01
56,Dunedin,NZ,2021-03-28 02:12:52,-45.8742,170.5036,61.0,82,42,11.99
57,Kapaa,US,2021-03-28 02:12:52,22.0752,-159.319,77.0,78,20,14.97
58,Salalah,OM,2021-03-28 02:12:52,17.0151,54.0924,75.2,33,0,2.3
59,Sao Filipe,CV,2021-03-28 02:12:52,14.8961,-24.4956,69.31,76,2,14.63
60,Ketchikan,US,2021-03-28 02:12:52,55.3422,-131.6461,39.2,87,75,11.5
61,The Valley,AI,2021-03-28 02:10:40,18.217,-63.0578,78.8,69,40,14.97
62,Klaksvik,FO,2021-03-28 02:12:53,62.2266,-6.589,46.4,93,90,25.32
63,Kaitangata,NZ,2021-03-28 02:12:53,-46.2817,169.8464,61.0,87,100,13.0
64,Fortuna,US,2021-03-28 02:12:53,40.5982,-124.1573,55.99,93,1,10.36
65,Lavrentiya,RU,2021-03-28 02:12:54,65.5833,-171.0,-1.32,85,97,1.59
66,Bluff,NZ,2021-03-28 02:12:54,-46.6,168.3333,62.01,82,100,3.0
67,Baykit,RU,2021-03-28 02:12:54,61.67,96.37,26.82,94,98,1.74
68,Burnie,AU,2021-03-28 02:12:54,-41.0667,145.9167,63.93,56,35,11.63
69,Ust-Tsilma,RU,2021-03-28 02:12:55,65.441,52.1498,15.03,96,71,5.39
70,San Cristobal,VE,2021-03-28 02:12:55,7.7669,-72.225,73.4,94,75,2.3
71,Agaro,ET,2021-03-28 02:12:55,7.85,36.65,61.25,81,91,1.83
72,Victoria,HK,2021-03-28 02:12:55,22.2855,114.1577,80.01,78,21,1.99
73,Penapolis,BR,2021-03-28 02:09:28,-21.4197,-50.0775,73.31,72,74,5.77
74,Airai,TL,2021-03-28 02:12:56,-8.9266,125.4092,72.0,64,100,2.98
75,Port Macquarie,AU,2021-03-28 02:12:56,-31.4333,152.9167,82.0,37,0,1.01
76,Iqaluit,CA,2021-03-28 02:12:56,63.7506,-68.5145,-11.0,77,75,2.91
77,Korla,CN,2021-03-28 02:12:56,41.7597,86.1469,54.37,52,27,6.44
78,Illapel,CL,2021-03-28 02:10:03,-31.6308,-71.1653,68.79,46,0,1.39
79,Jieshi,CN,2021-03-28 02:12:57,22.8134,115.8257,79.0,75,0,8.81
80,Altona,DE,2021-03-28 02:12:57,53.55,9.9333,37.99,87,75,8.05
81,Batticaloa,LK,2021-03-28 02:12:57,7.7102,81.6924,79.7,74,88,4.12
82,Honningsvag,NO,2021-03-28 02:12:57,70.9821,25.9704,36.81,94,100,15.68
83,Saint George,US,2021-03-28 02:12:58,37.1041,-113.5841,62.6,23,1,10.36
84,Khani,GE,2021-03-28 02:12:58,41.9563,42.9566,41.0,93,90,2.3
85,Barreiros,BR,2021-03-28 02:12:58,-8.8183,-35.1864,74.84,90,70,1.9
86,Myitkyina,MM,2021-03-28 02:12:58,25.3833,97.4,78.84,20,54,1.36
87,Vardo,NO,2021-03-28 02:12:59,70.3705,31.1107,37.04,95,100,21.05
88,Merrill,US,2021-03-28 02:12:59,45.1805,-89.6835,35.01,100,90,2.57
89,Tessalit,ML,2021-03-28 02:12:59,20.1986,1.0114,66.96,12,0,14.79
90,Hermanus,ZA,2021-03-28 02:13:00,-34.4187,19.2345,57.0,83,18,1.01
91,Yellowknife,CA,2021-03-28 02:13:00,62.456,-114.3525,24.01,50,40,13.8
92,Tayoltita,MX,2021-03-28 02:13:00,24.0833,-105.9333,62.24,26,51,1.45
93,Cidreira,BR,2021-03-28 02:13:00,-30.1811,-50.2056,72.39,86,100,5.97
94,Kruisfontein,ZA,2021-03-28 02:13:01,-34.0033,24.7314,57.0,83,57,3.94
95,Los Llanos De Aridane,ES,2021-03-28 02:13:01,28.6585,-17.9182,64.4,77,0,10.36
96,Kahului,US,2021-03-28 02:10:53,20.8947,-156.47,80.6,61,1,25.32
97,Avarua,CK,2021-03-28 02:13:01,-21.2078,-159.775,86.0,74,90,17.27
98,Mataura,NZ,2021-03-28 02:13:01,-46.1927,168.8643,62.01,82,100,3.0
99,New Norfolk,AU,2021-03-28 02:13:02,-42.7826,147.0587,64.99,70,75,5.01
100,Kloulklubed,PW,2021-03-28 02:13:02,7.0419,134.2556,84.2,79,75,10.36
101,Hilo,US,2021-03-28 02:13:02,19.7297,-155.09,78.8,57,75,8.05
102,Bavly,RU,2021-03-28 02:13:02,54.393,53.2602,26.26,95,100,12.73
103,Cabo San Lucas,MX,2021-03-28 02:13:03,22.8909,-109.9124,69.8,68,20,9.22
104,Sombrio,BR,2021-03-28 02:13:03,-29.1139,-49.6167,71.64,91,100,4.38
105,Namibe,AO,2021-03-28 02:13:03,-15.1961,12.1522,74.3,75,88,5.82
106,Teya,RU,2021-03-28 02:13:03,60.3778,92.6267,26.22,93,100,3.96
107,Ponta Do Sol,PT,2021-03-28 02:13:04,32.6667,-17.1,64.4,88,75,18.41
108,Bathsheba,BB,2021-03-28 02:13:04,13.2167,-59.5167,78.8,65,20,19.57
109,Coquimbo,CL,2021-03-28 02:09:59,-29.9533,-71.3436,59.0,88,90,5.75
110,Bull Savanna,JM,2021-03-28 02:13:04,17.8868,-77.5902,73.99,82,3,8.46
111,Tasiilaq,GL,2021-03-28 02:13:04,65.6145,-37.6368,17.6,45,90,6.06
112,Beloha,MG,2021-03-28 02:13:05,-25.1667,45.05,69.33,84,0,3.85
113,Puerto Ayora,EC,2021-03-28 02:13:05,-0.7393,-90.3518,77.0,91,97,1.99
114,Mongo,TD,2021-03-28 02:13:05,12.1844,18.693,80.94,13,63,12.48
115,Karachi,PK,2021-03-28 02:09:10,24.9056,67.0822,77.0,78,51,5.75
116,Huangyan,CN,2021-03-28 02:13:05,28.6478,121.2594,66.99,98,100,1.66
117,Port Hardy,CA,2021-03-28 02:13:06,50.6996,-127.4199,46.4,81,90,14.97
118,Bengkulu,ID,2021-03-28 02:13:06,-3.8004,102.2655,76.82,83,100,6.62
119,Sao Miguel Do Araguaia,BR,2021-03-28 02:13:06,-13.275,-50.1628,74.91,76,52,3.78
120,Jacareacanga,BR,2021-03-28 02:13:07,-6.2222,-57.7528,72.79,97,67,1.45
121,Codrington,AU,2021-03-28 02:13:07,-38.2667,141.9667,66.31,55,8,11.83
122,Talnakh,RU,2021-03-28 02:13:07,69.4865,88.3972,2.84,98,89,0.16
123,Torbay,CA,2021-03-28 02:13:07,47.6666,-52.7314,28.0,86,75,29.93
124,Severomuysk,RU,2021-03-28 02:13:08,56.1481,113.4267,11.66,75,15,3.62
125,Montepuez,MZ,2021-03-28 02:13:08,-13.1256,38.9997,68.45,98,100,4.41
126,Haines Junction,CA,2021-03-28 02:13:08,60.7522,-137.5108,26.6,63,100,14.97
127,Mangaluru,IN,2021-03-28 02:13:08,12.8667,74.8833,78.8,83,40,3.44
128,Pyu,MM,2021-03-28 02:13:09,18.4833,96.4333,86.97,45,100,8.1
129,Luganville,VU,2021-03-28 02:13:09,-15.5333,167.1667,84.79,72,78,9.93
130,Nikolskoye,RU,2021-03-28 02:13:09,59.7035,30.7861,39.99,70,0,8.95
131,Kapit,MY,2021-03-28 02:09:17,2.0167,112.9333,82.56,74,93,1.25
132,Gasa,PS,2021-03-28 02:10:05,31.5,34.4667,55.0,100,79,4.88
133,Saskylakh,RU,2021-03-28 02:13:10,71.9167,114.0833,-2.9,97,99,0.6
134,Pevek,RU,2021-03-28 02:12:15,69.7008,170.3133,-2.87,86,22,5.14
135,Mundo Nuevo,MX,2021-03-28 02:13:10,18.7,-95.5,80.11,77,0,13.67
136,Barrow,US,2021-03-28 02:13:10,71.2906,-156.7887,-11.2,70,1,4.61
137,Show Low,US,2021-03-28 02:13:10,34.2542,-110.0298,44.6,45,1,6.91
138,Bambous Virieux,MU,2021-03-28 02:13:11,-20.3428,57.7575,75.99,94,40,6.91
139,Peniche,PT,2021-03-28 02:13:11,39.3558,-9.3811,52.0,88,6,10.58
140,North Bend,US,2021-03-28 02:10:38,43.4065,-124.2243,54.0,76,1,10.36
141,Tuatapere,NZ,2021-03-28 02:13:11,-46.1333,167.6833,62.01,82,100,3.0
142,Maksatikha,RU,2021-03-28 02:13:12,57.797,35.8825,32.2,90,100,1.61
143,Ahipara,NZ,2021-03-28 02:13:12,-35.1667,173.1667,67.33,86,100,11.14
144,Havelock,US,2021-03-28 02:13:12,34.8791,-76.9013,66.99,94,100,0.96
145,Bendigo,AU,2021-03-28 02:13:12,-36.7667,144.2833,61.0,65,31,6.8
146,Eureka,US,2021-03-28 02:10:11,40.8021,-124.1637,57.99,78,8,1.01
147,Aginskoye,RU,2021-03-28 02:12:09,51.1,114.53,31.12,72,100,21.97
148,Esperance,AU,2021-03-28 02:13:13,-33.8667,121.9,71.6,60,1,9.22
149,Chokurdakh,RU,2021-03-28 02:13:13,70.6333,147.9167,4.26,84,100,6.8
150,Sangmelima,CM,2021-03-28 02:13:13,2.9333,11.9833,68.83,81,89,0.4
151,Buala,SB,2021-03-28 02:13:14,-8.145,159.5921,84.99,70,64,10.65
152,Porto Santo,PT,2021-03-28 02:13:14,33.072,-16.3415,64.4,88,40,23.02
153,Salinas,US,2021-03-28 02:10:23,36.6777,-121.6555,64.4,45,1,8.05
154,Atbasar,KZ,2021-03-28 02:13:14,51.8,68.3333,27.45,90,98,5.59
155,Santo Amaro Da Imperatriz,BR,2021-03-28 02:13:14,-27.6881,-48.7786,77.0,88,40,4.61
156,Soe,ID,2021-03-28 02:13:15,-9.8607,124.284,77.94,67,97,5.26
157,Kavieng,PG,2021-03-28 02:13:15,-2.5744,150.7967,85.51,69,100,14.27
158,Matagami,CA,2021-03-28 02:13:15,49.7502,-77.6328,28.4,64,1,3.49
159,Saint Anthony,US,2021-03-28 02:13:15,45.0205,-93.218,37.4,87,90,10.36
160,Thinadhoo,MV,2021-03-28 02:13:16,0.5333,72.9333,82.09,76,100,10.56
161,Grindavik,IS,2021-03-28 02:13:16,63.8424,-22.4338,33.8,86,75,14.97
162,Katobu,ID,2021-03-28 02:13:16,-4.9408,122.5276,79.45,84,100,6.04
163,Hokitika,NZ,2021-03-28 02:13:16,-42.7167,170.9667,60.91,97,100,4.0
164,Pascagoula,US,2021-03-28 02:13:17,30.3658,-88.5561,73.99,94,90,6.91
165,Banes,CU,2021-03-28 02:13:17,20.9625,-75.7186,77.0,78,20,18.41
166,Butaritari,KI,2021-03-28 02:13:17,3.0707,172.7902,80.65,80,67,12.01
167,Port Elizabeth,ZA,2021-03-28 02:13:17,-33.918,25.5701,59.0,88,0,11.5
168,Sendafa,ET,2021-03-28 02:13:18,9.15,39.0333,55.4,28,20,6.91
169,Leningradskiy,RU,2021-03-28 02:13:18,69.3833,178.4167,-1.98,88,17,8.32
170,Tshikapa,CD,2021-03-28 02:13:18,-6.4167,20.8,66.94,95,72,1.7
171,Bayan,CN,2021-03-28 02:13:18,46.0833,127.4,47.32,73,39,16.75
172,Bilibino,RU,2021-03-28 02:13:19,68.0546,166.4372,-0.22,78,6,2.1
173,Qaanaaq,GL,2021-03-28 02:13:19,77.484,-69.3632,-12.19,87,100,5.7
174,Khatanga,RU,2021-03-28 02:13:19,71.9667,102.5,0.41,96,89,7.61
175,San Ignacio,BZ,2021-03-28 02:13:19,17.1561,-89.0714,80.6,65,0,9.22
176,Ambon,ID,2021-03-28 02:13:20,-3.6954,128.1814,82.4,83,40,2.3
177,Flinders,AU,2021-03-28 02:13:20,-34.5833,150.8552,75.0,61,0,4.0
178,Kudahuvadhoo,MV,2021-03-28 02:13:20,2.6708,72.8944,79.3,78,100,4.21
179,San Patricio,US,2021-03-28 02:13:20,28.017,-97.5169,78.8,88,90,20.71
180,Ardakan,IR,2021-03-28 02:13:21,32.31,54.0175,64.4,24,6,6.91
181,Port Moresby,PG,2021-03-28 02:13:21,-9.4431,147.1797,87.8,70,40,8.05
182,Zhigansk,RU,2021-03-28 02:13:21,66.7697,123.3711,15.57,90,97,5.66
183,Lat Yao,TH,2021-03-28 02:13:21,15.751,99.7893,89.01,74,100,9.33
184,Salinopolis,BR,2021-03-28 02:13:22,-0.6136,-47.3561,77.67,86,98,10.54
185,Erzin,TR,2021-03-28 02:13:22,36.9559,36.2,43.0,69,0,1.99
186,Konya,TR,2021-03-28 02:13:22,38.1667,32.5,30.2,86,20,4.61
187,Hoa Binh,VN,2021-03-28 02:13:22,20.8133,105.3383,73.4,100,90,6.91
188,Khrisokhorafa,GR,2021-03-28 02:13:23,41.1833,23.2333,37.99,60,39,1.01
189,Kempele,FI,2021-03-28 02:13:23,64.9131,25.5034,37.99,81,75,9.22
190,Igarka,RU,2021-03-28 02:13:23,67.4667,86.5833,5.9,95,93,6.31
191,Vallenar,CL,2021-03-28 02:09:00,-28.5708,-70.7581,66.2,57,0,2.13
192,Lahaina,US,2021-03-28 02:13:23,20.8783,-156.6825,80.6,61,1,25.32
193,Emba,KZ,2021-03-28 02:13:24,48.8264,58.1442,23.4,94,100,3.71
194,Avera,US,2021-03-28 02:13:24,33.194,-82.5271,73.99,94,75,4.61
195,Kamennogorsk,RU,2021-03-28 02:13:24,60.9545,29.1339,37.0,89,100,5.5
196,Ribeira Grande,PT,2021-03-28 02:13:24,38.5167,-28.7,60.4,82,100,10.07
197,Waingapu,ID,2021-03-28 02:13:25,-9.6567,120.2641,84.74,72,100,9.57
198,Nirmal,IN,2021-03-28 02:13:25,19.1,78.35,82.29,15,0,4.65
199,Aksu,CN,2021-03-28 02:13:25,41.1231,80.2644,55.87,40,85,1.66
200,Carndonagh,IE,2021-03-28 02:13:25,55.25,-7.2667,44.31,93,100,16.96
201,Katsuura,JP,2021-03-28 02:09:13,35.1333,140.3,64.99,81,100,5.01
202,Vestmannaeyjar,IS,2021-03-28 02:13:26,63.4427,-20.2734,37.38,57,100,19.08
203,Barntrup,DE,2021-03-28 02:13:26,51.9904,9.1164,35.01,88,100,1.99
204,Chicama,PE,2021-03-28 02:13:26,-7.8447,-79.1469,72.14,77,100,5.57
205,Rabo De Peixe,PT,2021-03-28 02:13:27,37.8,-25.5833,55.4,76,40,3.44
206,Arraial Do Cabo,BR,2021-03-28 02:13:27,-22.9661,-42.0278,77.49,88,4,10.38
207,Phibun Mangsahan,TH,2021-03-28 02:13:27,15.2447,105.2291,91.0,66,100,5.75
208,Ancud,CL,2021-03-28 02:13:27,-41.8697,-73.8203,51.01,93,0,3.44
209,Kpandae,GH,2021-03-28 02:13:28,8.4689,-0.0113,80.82,70,51,4.45
210,Carmagnola,IT,2021-03-28 02:13:28,44.847,7.718,53.01,83,100,0.69
211,Thompson,CA,2021-03-28 02:13:28,55.7435,-97.8558,15.8,57,20,3.44
212,Lazarev,RU,2021-03-28 02:13:28,52.225,141.5131,28.0,92,88,7.67
213,Kandri,IN,2021-03-28 02:13:28,21.4167,79.2667,75.2,46,0,2.3
214,Kodiak,US,2021-03-28 02:13:29,57.79,-152.4072,35.6,38,1,31.07
215,Kargopol,RU,2021-03-28 02:13:29,61.5071,38.9456,27.21,95,97,3.51
216,Bulawayo,ZW,2021-03-28 02:13:29,-20.15,28.5833,61.86,41,0,6.26
217,Miraflores,MX,2021-03-28 02:13:30,19.2167,-98.8083,77.0,25,40,9.22
218,Hami,CN,2021-03-28 02:13:30,42.8,93.45,55.33,49,100,10.38
219,Jacksonville,US,2021-03-28 02:13:30,30.3322,-81.6556,77.0,57,75,8.05
220,Aklavik,CA,2021-03-28 02:13:30,68.2191,-135.0107,-7.6,59,100,9.22
221,Alofi,NU,2021-03-28 02:13:30,-19.0595,-169.9187,84.2,79,15,18.41
222,Hamada,JP,2021-03-28 02:13:31,34.8833,132.0833,60.8,94,75,12.66
223,Ballina,AU,2021-03-28 02:13:31,-28.8667,153.5667,80.6,54,3,8.05
224,Pimentel,PE,2021-03-28 02:13:31,-6.8367,-79.9342,70.66,82,67,12.95
225,Nanortalik,GL,2021-03-28 02:13:31,60.1432,-45.2371,18.66,61,100,7.05
226,Tiksi,RU,2021-03-28 02:13:32,71.6872,128.8694,8.65,92,99,2.46
227,Humboldt,US,2021-03-28 02:09:17,40.6665,-123.9178,57.0,82,8,1.99
228,Mahebourg,MU,2021-03-28 02:13:32,-20.4081,57.7,73.4,94,40,6.91
229,Sangar,RU,2021-03-28 02:13:32,63.9242,127.4739,19.99,90,100,2.15
230,Lubana,LV,2021-03-28 02:13:32,56.9,26.7167,41.23,82,100,7.43
231,Sechura,PE,2021-03-28 02:13:33,-5.5569,-80.8222,75.04,66,91,14.63
232,Piacabucu,BR,2021-03-28 02:13:33,-10.4056,-36.4344,76.82,84,61,5.97
233,Champasak,LA,2021-03-28 02:13:33,14.75,106.0,84.2,65,20,11.5
234,Thai Binh,VN,2021-03-28 02:13:33,20.45,106.3333,73.4,100,75,4.61
235,Moose Factory,CA,2021-03-28 02:13:34,51.2585,-80.6094,21.2,73,1,9.22
236,Bhadrapur,NP,2021-03-28 02:13:34,26.544,88.0944,79.52,15,0,2.19
237,Det Udom,TH,2021-03-28 02:13:34,14.906,105.0784,91.0,66,95,5.75
238,Huarmey,PE,2021-03-28 02:13:34,-10.0681,-78.1522,70.52,81,77,6.93
239,Longyearbyen,SJ,2021-03-28 02:13:35,78.2186,15.6401,30.2,74,40,28.77
240,Drayton Valley,CA,2021-03-28 02:13:35,53.2168,-114.9854,39.0,67,100,9.42
241,Le Vauclin,MQ,2021-03-28 02:13:35,14.5452,-60.8388,75.2,88,75,14.97
242,Awjilah,LY,2021-03-28 02:13:35,29.1081,21.2869,52.83,46,0,5.73
243,Port Lincoln,AU,2021-03-28 02:13:36,-34.7333,135.8667,67.46,56,3,5.14
244,Hasaki,JP,2021-03-28 02:13:36,35.7333,140.8333,66.2,68,75,18.41
245,Urumqi,CN,2021-03-28 02:13:36,43.801,87.6005,48.2,66,0,4.47
246,Payakumbuh,ID,2021-03-28 02:13:36,-0.2202,100.6308,78.57,79,67,0.85
247,Mackay,AU,2021-03-28 02:13:37,-21.15,149.2,87.01,58,40,13.8
248,Auki,SB,2021-03-28 02:13:37,-8.7676,160.7034,86.79,61,33,7.18
249,Vila Velha,BR,2021-03-28 02:13:37,-20.3297,-40.2925,75.2,94,0,2.3
250,Faanui,PF,2021-03-28 02:13:37,-16.4833,-151.75,82.8,73,15,21.88
251,Ous,RU,2021-03-28 02:13:38,60.9058,61.5186,19.81,89,90,5.64
252,Elizabeth City,US,2021-03-28 02:13:38,36.2946,-76.2511,61.0,88,20,10.36
253,Rapid Valley,US,2021-03-28 02:13:38,44.0625,-103.1463,42.8,64,1,8.05
254,Ust-Kuyga,RU,2021-03-28 02:13:38,70.0167,135.6,11.53,89,99,4.34
255,Whitianga,NZ,2021-03-28 02:13:39,-36.8333,175.7,72.0,75,99,7.0
256,Evensk,RU,2021-03-28 02:12:16,61.95,159.2333,11.26,68,27,4.05
257,Raudeberg,NO,2021-03-28 02:13:39,61.9875,5.1352,41.0,81,100,16.96
258,Georgetown,MY,2021-03-28 02:13:39,5.4112,100.3354,84.2,83,20,3.44
259,Mabaruma,GY,2021-03-28 02:13:39,8.2,-59.7833,72.48,96,100,3.31
260,Constitucion,CL,2021-03-28 02:13:40,-35.3333,-72.4167,59.61,63,67,10.51
261,Washougal,US,2021-03-28 02:13:40,45.5826,-122.3534,62.6,36,1,1.43
262,Gambo,CF,2021-03-28 02:13:40,4.6482,22.2633,68.85,84,48,1.59
263,Xining,CN,2021-03-28 02:10:14,36.6167,101.7667,45.12,26,97,4.59
264,Vila Franca Do Campo,PT,2021-03-28 02:13:40,37.7167,-25.4333,55.4,76,40,3.44
265,Hamilton,US,2021-03-28 02:11:05,39.1834,-84.5333,64.99,77,1,6.91
266,Bilecik,TR,2021-03-28 02:13:41,40.0,30.1667,28.4,100,0,2.3
267,Clermont,FR,2021-03-28 02:13:41,49.5,2.4167,44.6,81,0,5.75
268,Vestmanna,FO,2021-03-28 02:13:41,62.1564,-7.1664,46.4,93,90,25.32
269,Guerrero Negro,MX,2021-03-28 02:13:42,27.9769,-114.0611,64.4,50,0,8.19
270,Isangel,VU,2021-03-28 02:13:42,-19.55,169.2667,82.4,78,75,9.17
271,Tateyama,JP,2021-03-28 02:13:42,34.9833,139.8667,62.01,81,100,5.01
272,Heihe,CN,2021-03-28 02:13:42,50.2441,127.4902,35.6,93,75,11.18
273,Margate,GB,2021-03-28 02:09:32,51.3813,1.3862,48.99,73,100,1.99
274,Miri,MY,2021-03-28 02:11:11,4.4148,114.0089,82.4,78,40,4.61
275,Alice Springs,AU,2021-03-28 02:13:27,-23.7,133.8833,87.01,41,11,13.8
276,Komatipoort,ZA,2021-03-28 02:13:43,-25.4332,31.9548,65.17,90,31,5.97
277,Chapais,CA,2021-03-28 02:13:43,49.7834,-74.8492,30.2,74,100,8.05
278,Ola,RU,2021-03-28 02:13:43,59.5833,151.2833,7.56,86,91,4.45
279,Salaga,GH,2021-03-28 02:13:44,8.5508,-0.5188,81.45,68,17,4.38
280,Apt,FR,2021-03-28 02:13:44,43.8833,5.4,44.6,81,0,3.94
281,Tura,IN,2021-03-28 02:13:44,25.5198,90.2201,85.37,10,0,1.77
282,Pasuruan,ID,2021-03-28 02:13:44,-7.6453,112.9075,84.2,74,20,2.3
283,Gumdag,TM,2021-03-28 02:13:45,39.2061,54.5906,48.34,59,100,16.82
284,Ada,US,2021-03-28 02:13:45,43.4166,-116.1262,57.2,35,1,4.61
285,Mingyue,CN,2021-03-28 02:13:45,43.1069,128.9217,41.25,94,100,4.21
286,Vankleek Hill,CA,2021-03-28 02:13:45,45.5168,-74.6493,37.4,75,100,8.05
287,Brae,GB,2021-03-28 02:13:46,60.3964,-1.353,44.6,87,75,28.77
288,Erenhot,CN,2021-03-28 02:13:46,43.6475,111.9767,33.78,31,0,23.33
289,Fort Frances,CA,2021-03-28 02:10:29,48.5999,-93.4003,32.0,55,1,6.91
290,Marsh Harbour,BS,2021-03-28 02:13:46,26.5412,-77.0636,75.78,75,0,13.82
291,Aksarayskiy,RU,2021-03-28 02:13:46,46.7924,48.0119,41.0,81,0,11.18
292,Flin Flon,CA,2021-03-28 02:12:22,54.7682,-101.865,11.53,90,63,1.54
293,Berlevag,NO,2021-03-28 02:13:47,70.8578,29.0864,36.64,91,100,18.59
294,Urusha,RU,2021-03-28 02:13:47,54.05,122.9,30.04,95,100,9.31
295,Souillac,MU,2021-03-28 02:13:47,-20.5167,57.5167,73.4,94,40,6.91
296,Rongcheng,CN,2021-03-28 02:13:47,30.634,117.8517,70.12,67,0,4.23
297,Lorengau,PG,2021-03-28 02:13:48,-2.0226,147.2712,84.83,68,95,9.95
298,Coruripe,BR,2021-03-28 02:13:48,-10.1256,-36.1756,76.01,86,47,5.39
299,Kenai,US,2021-03-28 02:13:48,60.5544,-151.2583,35.6,34,1,14.97
300,Mount Gambier,AU,2021-03-28 02:13:49,-37.8333,140.7667,62.6,72,90,11.5
301,Devrek,TR,2021-03-28 02:13:49,41.2192,31.9558,31.91,86,5,5.59
302,Koyelga,RU,2021-03-28 02:13:49,54.6522,60.9049,24.39,83,100,17.22
303,Yulara,AU,2021-03-28 02:13:49,-25.2406,130.9889,86.0,39,97,11.5
304,Kolondieba,ML,2021-03-28 02:13:50,11.0882,-6.8926,80.42,19,24,4.27
305,Riyadh,SA,2021-03-28 02:11:59,24.6877,46.7219,71.6,23,6,14.97
306,Kutum,SD,2021-03-28 02:13:50,14.2,24.6667,61.05,23,40,16.69
307,Sorland,NO,2021-03-28 02:13:50,67.667,12.6934,37.62,62,64,23.4
308,Anloga,GH,2021-03-28 02:13:50,5.7947,0.8973,82.4,83,20,6.91
309,Vangaindrano,MG,2021-03-28 02:13:51,-23.35,47.6,72.19,94,14,3.11
310,Khatra,IN,2021-03-28 02:13:51,22.9833,86.85,84.13,27,0,4.43
311,Griffith,US,2021-03-28 02:13:51,41.5284,-87.4237,55.4,94,90,9.22
312,Yatou,CN,2021-03-28 02:13:52,37.15,122.3833,54.64,70,33,10.71
313,Buraydah,SA,2021-03-28 02:13:52,26.326,43.975,57.2,47,0,12.66
314,Port Blair,IN,2021-03-28 02:13:52,11.6667,92.75,85.01,67,100,6.02
315,Nuuk,GL,2021-03-28 02:13:52,64.1835,-51.7216,1.4,71,20,20.71
316,Yerbogachen,RU,2021-03-28 02:13:52,61.2767,108.0108,23.56,90,95,8.68
317,Beringovskiy,RU,2021-03-28 02:12:16,63.05,179.3167,5.99,88,100,8.39
318,Turayf,SA,2021-03-28 02:13:53,31.6725,38.6637,41.0,60,0,6.91
319,Srednekolymsk,RU,2021-03-28 02:13:53,67.45,153.6833,3.87,68,92,1.01
320,Anadyr,RU,2021-03-28 02:13:53,64.75,177.4833,1.4,71,0,15.66
321,Hofn,IS,2021-03-28 02:13:54,64.2539,-15.2082,33.26,89,100,8.9
322,Kita,ML,2021-03-28 02:13:54,13.0349,-9.4895,80.37,8,27,3.58
323,Dinar,TR,2021-03-28 02:13:54,38.065,30.1656,30.2,80,0,4.61
324,Tynda,RU,2021-03-28 02:13:54,55.1667,124.7167,28.8,91,100,6.64
325,Trairi,BR,2021-03-28 02:13:55,-3.2778,-39.2689,74.55,91,84,2.77
326,Baijiantan,CN,2021-03-28 02:13:55,45.6333,85.1833,45.84,62,85,9.55
327,Front Royal,US,2021-03-28 02:11:54,38.9182,-78.1944,60.8,67,1,5.75
328,Rize,TR,2021-03-28 02:13:55,40.9044,40.8949,13.5,81,64,5.5
329,Mogadishu,SO,2021-03-28 02:13:55,2.0371,45.3438,79.97,83,100,14.79
330,Port-Cartier,CA,2021-03-28 02:13:56,50.0334,-66.8654,21.99,85,20,2.91
331,Avallon,FR,2021-03-28 02:13:56,47.4833,3.9,32.0,88,10,4.18
332,Bubaque,GW,2021-03-28 02:13:56,11.2833,-15.8333,76.19,73,87,13.09
333,Catamarca,AR,2021-03-28 02:10:29,-28.4696,-65.7852,62.01,80,1,3.56
334,Shubarkuduk,KZ,2021-03-28 02:13:56,49.1447,56.4872,25.59,93,100,8.23
335,Moerai,PF,2021-03-28 02:13:57,-22.4333,-151.3333,81.45,72,0,18.99
336,La Orilla,MX,2021-03-28 02:13:57,17.9833,-102.2333,73.02,68,8,3.69
337,Shingu,JP,2021-03-28 02:13:57,33.7333,135.9833,64.4,77,75,21.85
338,Taseyevo,RU,2021-03-28 02:13:57,57.2169,94.8978,30.47,93,100,4.27
339,Broken Hill,AU,2021-03-28 02:13:58,-31.95,141.4333,68.0,42,14,12.66
340,Noumea,NC,2021-03-28 02:13:58,-22.2763,166.4572,87.8,58,0,6.91
341,Tilichiki,RU,2021-03-28 02:13:58,60.4667,166.1,9.82,86,100,13.91
342,Narsaq,GL,2021-03-28 02:13:58,60.9167,-46.05,12.2,48,75,5.75
343,Mut,TR,2021-03-28 02:13:59,36.6439,33.4389,40.87,65,1,5.41
344,Bow Island,CA,2021-03-28 02:13:59,49.8668,-111.3684,53.6,32,100,8.05
345,Sur,OM,2021-03-28 02:13:59,22.5667,59.5289,81.03,44,20,5.28
346,Altay,CN,2021-03-28 02:13:59,47.8667,88.1167,36.48,61,38,5.14
347,Norman Wells,CA,2021-03-28 02:14:00,65.282,-126.8329,12.2,73,90,17.27
348,Okitipupa,NG,2021-03-28 02:14:00,6.5047,4.7839,76.46,95,100,2.59
349,Catemaco,MX,2021-03-28 02:14:00,18.4167,-95.1167,84.2,65,20,11.5
350,Hambantota,LK,2021-03-28 02:14:00,6.1241,81.1185,75.2,100,40,2.3
351,Provideniya,RU,2021-03-28 02:14:01,64.3833,-173.3,4.93,89,100,6.06
352,Ostrovnoy,RU,2021-03-28 02:09:03,68.0531,39.5131,31.12,91,93,22.64
353,Sioux Lookout,CA,2021-03-28 02:14:01,50.1001,-91.917,30.2,43,20,16.11
354,Saldanha,ZA,2021-03-28 02:14:01,-33.0117,17.9442,51.8,82,10,3.44
355,Mattawa,US,2021-03-28 02:14:01,46.7379,-119.9028,53.01,48,99,15.01
356,Rocha,UY,2021-03-28 02:14:02,-34.4833,-54.3333,65.12,90,100,2.55
357,Zihuatanejo,MX,2021-03-28 02:14:02,17.6333,-101.55,75.61,74,3,2.42
358,Tshela,CD,2021-03-28 02:14:02,-4.9833,12.9333,72.93,99,82,0.49
359,Sheridan,US,2021-03-28 02:09:35,44.8333,-106.9173,39.99,80,1,4.61
360,Umm Kaddadah,SD,2021-03-28 02:14:02,13.6017,26.6876,66.78,20,4,22.24
361,Abramovka,RU,2021-03-28 02:14:03,51.1886,41.0202,31.64,98,100,7.27
362,Sokoni,TZ,2021-03-28 02:14:03,-6.4333,39.55,78.8,83,75,11.5
363,Fort-Shevchenko,KZ,2021-03-28 02:14:03,44.5086,50.263,39.13,84,68,14.7
364,Meulaboh,ID,2021-03-28 02:14:03,4.1363,96.1285,78.66,86,97,4.79
365,Pacific Grove,US,2021-03-28 02:14:03,36.6177,-121.9166,57.0,76,0,3.6
366,Poya,NC,2021-03-28 02:14:04,-21.35,165.15,87.37,57,18,6.31
367,Caravelas,BR,2021-03-28 02:14:04,-17.7125,-39.2481,74.3,77,25,5.26
368,Nara,JP,2021-03-28 02:11:24,34.6851,135.8049,63.0,67,75,8.05
369,Naze,JP,2021-03-28 02:14:04,28.3667,129.4833,71.6,94,75,18.41
370,San Vicente,AR,2021-03-28 02:14:05,-26.6167,-54.1333,66.96,92,100,2.59
371,Ibanda,TZ,2021-03-28 02:14:05,-2.7974,32.4746,61.16,90,63,0.54
372,Maues,BR,2021-03-28 02:14:05,-3.3836,-57.7186,73.67,95,30,2.75
373,Livingston,GB,2021-03-28 02:09:55,55.9029,-3.5226,48.2,87,75,24.16
374,Valparaiso,CL,2021-03-28 02:14:05,-33.0393,-71.6273,55.4,94,0,8.05
375,Pontianak,ID,2021-03-28 02:14:06,-0.0333,109.3333,80.6,89,40,4.61
376,Sembe,CG,2021-03-28 02:14:06,1.6481,14.5806,71.87,80,98,0.49
377,Sept-Iles,CA,2021-03-28 02:14:06,50.2001,-66.3821,21.99,85,20,2.51
378,Palmer,US,2021-03-28 02:14:07,42.1584,-72.3287,48.2,71,75,4.61
379,Dingle,PH,2021-03-28 02:14:07,10.9995,122.6711,86.05,64,100,10.04
380,Paita,PE,2021-03-28 02:14:07,-5.0892,-81.1144,72.79,76,83,9.75
381,Pont-Saint-Esprit,FR,2021-03-28 02:14:07,44.2549,4.6474,45.0,57,0,8.05
382,Reyes,BO,2021-03-28 02:14:08,-14.3167,-67.3833,72.5,99,100,2.08
383,Port Hueneme,US,2021-03-28 02:14:08,34.1478,-119.1951,64.99,58,1,6.91
384,Adrar,MR,2021-03-28 02:14:08,20.5022,-10.0711,75.52,7,3,8.25
385,Qaqortoq,GL,2021-03-28 02:14:08,60.7167,-46.0333,12.2,48,75,5.75
386,Kemijarvi,FI,2021-03-28 02:14:09,66.7131,27.4306,35.06,95,100,12.03
387,Baoro,CF,2021-03-28 02:14:09,5.6667,15.9667,69.12,77,65,2.44
388,Mindelo,CV,2021-03-28 02:14:09,16.8901,-24.9804,69.8,64,20,24.16
389,Rovaniemi,FI,2021-03-28 02:11:14,66.5,25.7167,37.4,87,75,14.97
390,Horsham,GB,2021-03-28 02:14:09,51.064,-0.3272,48.99,81,40,13.8
391,Brainerd,US,2021-03-28 02:14:10,46.358,-94.2008,36.0,64,1,9.22
392,Umm Lajj,SA,2021-03-28 02:14:10,25.0213,37.2685,70.99,38,93,16.46
393,Najran,SA,2021-03-28 02:14:10,17.4924,44.1277,66.2,20,0,4.61
394,Luoyang,CN,2021-03-28 02:14:10,34.6836,112.4536,71.2,31,0,5.73
395,Amposta,ES,2021-03-28 02:14:11,40.7131,0.581,39.99,85,68,1.97
396,Berck,FR,2021-03-28 02:14:11,50.4,1.6,48.2,71,90,8.05
397,Arman,RU,2021-03-28 02:14:11,59.7,150.1667,9.57,86,97,4.79
398,Leh,IN,2021-03-28 02:14:11,34.1667,77.5833,35.78,55,86,4.41
399,Odweyne,SO,2021-03-28 02:14:12,9.4092,45.064,67.53,32,4,6.33
400,Samarinda,ID,2021-03-28 02:14:12,-0.5,117.15,77.94,89,100,0.58
401,Wahiawa,US,2021-03-28 02:14:12,21.5028,-158.0236,82.4,51,20,11.5
402,Severnyy-Kospashskiy,RU,2021-03-28 02:14:12,59.0925,57.8008,3.99,46,97,3.15
403,Husavik,IS,2021-03-28 02:14:13,66.0449,-17.3389,23.0,86,90,8.05
404,Faya,SA,2021-03-28 02:14:13,18.3851,42.4509,57.2,66,0,2.51
405,College,US,2021-03-28 02:14:13,64.8569,-147.8028,24.8,58,90,12.66
406,Coutances,FR,2021-03-28 02:14:13,49.05,-1.4333,46.99,81,65,13.8
407,Jaguariaiva,BR,2021-03-28 02:14:14,-24.2511,-49.7058,64.53,92,98,2.19
408,Kendari,ID,2021-03-28 02:14:14,-3.945,122.4989,78.37,87,100,3.6
409,Arinos,BR,2021-03-28 02:14:14,-15.9169,-46.1056,70.38,52,63,1.14
410,Harper,LR,2021-03-28 02:14:14,4.375,-7.7169,77.5,87,29,4.16
411,Lewisporte,CA,2021-03-28 02:14:15,49.2499,-55.0482,23.0,93,90,21.85
412,Boulder City,US,2021-03-28 02:14:15,35.9786,-114.8325,66.99,15,1,3.44
413,Imbituba,BR,2021-03-28 02:14:15,-28.24,-48.6703,77.0,88,40,4.61
414,Muncar,ID,2021-03-28 02:11:09,-8.4333,114.3333,83.3,76,74,3.31
415,Geri,CY,2021-03-28 02:14:15,35.1,33.4167,44.6,81,20,6.91
416,Farafangana,MG,2021-03-28 02:14:16,-22.8167,47.8333,73.54,92,10,4.56
417,Sola,VU,2021-03-28 02:14:16,-13.8833,167.55,83.16,73,60,15.1
418,Villarrica,PY,2021-03-28 02:14:16,-25.75,-56.4333,70.21,98,100,4.56
419,Asau,RO,2021-03-28 02:14:16,46.4333,26.4,39.0,50,95,5.39
420,Parrita,CR,2021-03-28 02:14:17,9.5201,-84.3225,71.6,60,0,13.8
421,Kurunegala,LK,2021-03-28 02:14:17,7.4863,80.3623,75.2,94,20,1.14
422,Ahualulco,MX,2021-03-28 02:14:17,22.4,-101.1667,82.4,6,40,3.44
423,Uzventis,LT,2021-03-28 02:14:17,55.7803,22.6547,39.2,81,90,11.5
424,Taoudenni,ML,2021-03-28 02:14:18,22.6783,-3.9836,75.69,9,21,10.65
425,Calabozo,VE,2021-03-28 02:14:18,8.9242,-67.4293,81.82,48,89,9.64
426,Zaysan,KZ,2021-03-28 02:14:18,47.4667,84.8667,34.36,93,100,2.57
427,Chai Badan,TH,2021-03-28 02:14:18,15.2,101.1333,91.99,62,100,13.02
428,Vilhena,BR,2021-03-28 02:10:03,-12.7406,-60.1458,72.84,77,96,2.62
429,Ust-Omchug,RU,2021-03-28 02:14:19,61.15,149.6333,6.13,74,42,2.1
430,Dunkwa,GH,2021-03-28 02:14:19,5.9656,-1.78,73.63,98,60,2.66
431,Purpe,RU,2021-03-28 02:14:19,64.4803,76.6897,-3.48,97,36,9.69
432,Barrhead,GB,2021-03-28 02:14:19,55.7992,-4.3929,50.0,87,75,28.77
433,Abha,SA,2021-03-28 02:14:20,18.2164,42.5053,57.2,66,0,2.08
434,Belyy Yar,RU,2021-03-28 02:14:20,53.6039,91.3903,26.6,86,94,6.71
435,Andenes,NO,2021-03-28 02:14:20,69.3143,16.1194,37.0,93,90,14.97
436,The Pas,CA,2021-03-28 02:14:20,53.8251,-101.2541,24.8,50,65,4.61
437,Careiro Da Varzea,BR,2021-03-28 02:14:21,-3.2003,-59.8119,78.8,83,0,3.44
438,Edendale,ZA,2021-03-28 02:14:21,-29.6528,30.3147,63.0,83,35,2.93
439,Mahina,PF,2021-03-28 02:14:21,-17.5065,-149.489,87.8,55,40,8.05
440,Petropavlovsk-Kamchatskiy,RU,2021-03-28 02:14:21,53.0452,158.6483,35.6,41,98,22.37
441,Calvinia,ZA,2021-03-28 02:14:22,-31.4707,19.776,57.87,58,5,8.63
442,San Quintin,MX,2021-03-28 02:14:22,30.4833,-115.95,61.05,61,0,8.41
443,Chantada,ES,2021-03-28 02:14:22,42.6088,-7.7712,45.0,100,0,1.99
444,Akyab,MM,2021-03-28 02:14:22,20.15,92.9,80.78,42,82,4.32
445,Sorong,ID,2021-03-28 02:14:23,-0.8833,131.25,78.4,86,100,4.29
446,Ust-Ilimsk,RU,2021-03-28 02:14:23,58.0006,102.6619,26.17,92,100,6.58
447,Boddam,GB,2021-03-28 02:14:23,57.4667,-1.7833,46.0,93,90,12.66
448,Cherskiy,RU,2021-03-28 02:14:23,68.75,161.3,4.84,75,24,4.54
449,Kushima,JP,2021-03-28 02:14:24,31.4583,131.2333,66.2,94,75,13.8
450,Guozhen,CN,2021-03-28 02:14:24,34.3659,107.359,69.57,35,0,4.27
451,Staunton,US,2021-03-28 02:11:33,38.1496,-79.0717,55.99,94,1,4.61
452,Santa Ana,US,2021-03-28 02:14:24,33.7456,-117.8678,73.4,28,20,3.44
453,Malindi,KE,2021-03-28 02:14:24,-3.2175,40.1191,79.36,81,97,2.08
454,Richards Bay,ZA,2021-03-28 02:14:25,-28.783,32.0377,69.73,81,100,17.72
455,Mufumbwe,ZM,2021-03-28 02:14:25,-13.6833,24.8,63.03,95,100,2.35
456,Bay City,US,2021-03-28 02:14:25,43.5945,-83.8889,44.01,87,90,12.66
457,Grand-Santi,GF,2021-03-28 02:14:25,4.25,-54.3833,71.6,99,98,2.53
458,Arona,ES,2021-03-28 02:14:26,28.0996,-16.681,64.99,72,20,5.75
459,Dodola,ET,2021-03-28 02:14:26,6.9833,39.1833,50.68,46,51,2.57
460,Houma,US,2021-03-28 02:14:15,29.5958,-90.7195,75.99,88,75,9.22
461,Camopi,GF,2021-03-28 02:14:26,3.1655,-52.3158,71.64,99,100,1.81
462,Broome,US,2021-03-28 02:14:26,42.2506,-75.833,50.0,66,1,4.61
463,Los Alamos,US,2021-03-28 02:10:42,35.8881,-106.307,44.6,26,1,5.75
464,Bethanien,NA,2021-03-28 02:14:27,-26.502,17.1583,65.48,38,0,3.49
465,Igrejinha,BR,2021-03-28 02:14:27,-29.5744,-50.7903,64.99,99,100,2.44
466,Hualmay,PE,2021-03-28 02:14:27,-11.0964,-77.6139,70.21,79,31,5.12
467,Oistins,BB,2021-03-28 02:14:28,13.0667,-59.5333,78.8,65,20,19.57
468,Terrace,CA,2021-03-28 02:14:28,54.5163,-128.6035,33.8,100,90,20.71
469,Solnechnyy,RU,2021-03-28 02:14:28,50.7214,136.6319,34.5,80,100,3.06
470,Binga,ZW,2021-03-28 02:14:28,-17.6203,27.3414,69.89,84,100,3.38
471,Lethem,GY,2021-03-28 02:14:29,3.3803,-59.7968,80.33,61,22,7.0
472,Sao Joao Da Barra,BR,2021-03-28 02:14:29,-21.6403,-41.0511,76.84,89,0,8.37
473,Malakal,SS,2021-03-28 02:14:29,9.5334,31.6605,80.69,25,0,4.23
474,Termoli,IT,2021-03-28 02:14:29,41.9888,14.9895,50.52,80,0,5.46
475,Port Said,EG,2021-03-28 02:14:29,31.2565,32.2841,57.2,72,40,13.8
476,Mayor Pablo Lagerenza,PY,2021-03-28 02:14:30,-19.9309,-60.7718,64.62,78,31,10.85
477,Gizo,SB,2021-03-28 02:14:30,-8.103,156.8419,85.15,70,77,6.46
478,Karimpur,IN,2021-03-28 02:14:30,23.9667,88.6167,84.18,9,0,2.42
479,Saint-Pierre,RE,2021-03-28 02:14:31,-21.3393,55.4781,75.2,83,20,4.61
480,Hay River,CA,2021-03-28 02:14:31,60.8156,-115.7999,33.8,37,100,12.66
481,Qui Nhon,VN,2021-03-28 02:14:31,13.7667,109.2333,81.09,70,100,3.65
482,Nebolchi,RU,2021-03-28 02:14:31,59.1239,33.3454,34.05,83,99,4.41
483,Roma,US,2021-03-28 02:14:31,43.2128,-75.4557,45.0,65,1,9.22
484,Leshukonskoye,RU,2021-03-28 02:14:32,64.8989,45.7622,19.49,95,37,5.39
485,Sinnamary,GF,2021-03-28 02:14:32,5.3833,-52.95,76.53,88,84,11.74
486,Ahuimanu,US,2021-03-28 02:14:32,21.4447,-157.8378,82.4,78,40,13.8
487,Marawi,PH,2021-03-28 02:14:32,7.9986,124.2928,82.0,81,95,5.99
488,Gamba,GA,2021-03-28 02:14:33,-2.65,10.0,77.32,86,93,0.49
489,West Helena,US,2021-03-28 02:14:33,34.5507,-90.6418,77.0,78,100,11.5
490,Manaure,CO,2021-03-28 02:14:33,11.7751,-72.4445,78.64,74,11,18.68
491,Dong Hoi,VN,2021-03-28 02:14:33,17.4833,106.6,79.61,80,58,2.8
492,Madang,PG,2021-03-28 02:14:34,-5.2246,145.7966,83.77,75,94,4.56
493,Tabuk,PH,2021-03-28 02:14:34,17.4189,121.4443,84.07,65,69,6.08
494,Krasnoselkup,RU,2021-03-28 02:14:34,65.7,82.4667,7.9,95,92,6.4
495,Hun,LY,2021-03-28 02:14:34,29.1268,15.9477,53.8,47,27,7.2
496,Bozhou,CN,2021-03-28 02:14:35,33.8772,115.7703,69.37,54,0,14.5
497,Neyshabur,IR,2021-03-28 02:10:19,36.2133,58.7958,53.37,65,61,11.32
498,Mount Isa,AU,2021-03-28 02:14:35,-20.7333,139.5,93.2,18,2,18.41
499,Jaisalmer,IN,2021-03-28 02:14:08,26.9147,70.9181,78.31,22,0,13.04
500,Minas De Barroteran,MX,2021-03-28 02:14:35,27.6333,-101.2833,79.56,24,99,14.56
501,Mayumba,GA,2021-03-28 02:14:36,-3.432,10.6554,79.07,84,99,6.49
502,Svetlyy,RU,2021-03-28 02:14:36,54.675,20.1347,39.2,93,0,6.71
503,Cabinda,AO,2021-03-28 02:14:36,-5.55,12.2,79.86,84,67,7.72
504,Teshie,GH,2021-03-28 02:11:12,5.5836,-0.1072,80.6,89,0,8.05
505,Duayaw Nkwanta,GH,2021-03-28 02:14:36,7.1724,-2.1028,72.19,95,84,3.02
506,Fairbanks,US,2021-03-28 02:10:02,64.8378,-147.7164,24.8,68,90,13.8
507,Sakakah,SA,2021-03-28 02:14:37,29.9697,40.2064,51.8,30,0,8.05
508,Te Anau,NZ,2021-03-28 02:14:37,-45.4167,167.7167,66.9,69,100,3.69
509,Green River,US,2021-03-28 02:14:37,41.5286,-109.4662,39.2,41,1,21.85
510,Laguna,US,2021-03-28 02:14:37,38.421,-121.4238,71.6,26,1,4.61
511,Alyangula,AU,2021-03-28 02:14:38,-13.8483,136.4192,87.76,66,100,15.3
512,Ulaangom,MN,2021-03-28 02:14:38,49.9811,92.0667,16.41,78,14,2.71
513,Kavaratti,IN,2021-03-28 02:14:37,10.5669,72.642,83.71,73,100,1.92
514,Dukat,RU,2021-03-28 02:14:38,62.55,155.55,10.22,65,9,1.77
515,Nola,IT,2021-03-28 02:14:38,40.922,14.5329,46.0,87,1,1.14
516,Bereda,ES,2021-03-28 02:14:39,43.2686,-7.5406,41.0,100,4,1.99
517,North Las Vegas,US,2021-03-28 02:14:39,36.1989,-115.1175,71.01,14,1,4.61
518,Bonthe,SL,2021-03-28 02:14:39,7.5264,-12.505,77.77,90,9,4.14
519,Moju,BR,2021-03-28 02:14:40,-1.8839,-48.7689,75.2,94,0,4.61
520,Iquique,CL,2021-03-28 02:14:40,-20.2208,-70.1431,69.8,60,90,12.66
521,Cayenne,GF,2021-03-28 02:14:36,4.9333,-52.3333,80.01,94,75,4.61
522,Koslan,RU,2021-03-28 02:14:40,63.4564,48.8989,15.31,97,72,3.18
523,Arroio Grande,BR,2021-03-28 02:14:40,-32.2375,-53.0869,67.96,92,100,4.9
524,Dabou,CI,2021-03-28 02:14:41,5.3256,-4.3769,80.6,94,0,5.75
525,Coahuayana,MX,2021-03-28 02:14:41,18.7333,-103.6833,75.2,50,40,11.5
526,Bandarbeyla,SO,2021-03-28 02:14:41,9.4942,50.8122,77.34,81,29,8.75
527,Cockburn Town,TC,2021-03-28 02:14:41,21.4612,-71.1419,77.25,75,0,23.78
528,Viedma,AR,2021-03-28 02:14:42,-40.8135,-62.9967,57.07,55,54,11.9
529,Sedro-Woolley,US,2021-03-28 02:14:00,48.5039,-122.2361,52.0,71,1,0.78
530,Poum,NC,2021-03-28 02:14:42,-20.2333,164.0167,80.67,73,31,3.49
531,Sayyan,YE,2021-03-28 02:14:42,15.1718,44.3244,50.52,31,43,1.48
532,Geraldton,AU,2021-03-28 02:14:42,-28.7667,114.6,82.4,32,0,10.36
533,Takoradi,GH,2021-03-28 02:14:43,4.8845,-1.7554,78.08,86,6,5.99
534,Port Arthur,CN,2021-03-28 02:14:43,38.8,121.2667,50.0,93,75,6.71
535,Lufilufi,WS,2021-03-28 02:14:43,-13.8745,-171.5986,89.6,74,75,10.36
536,Scarborough,GB,2021-03-28 02:14:43,54.2797,-0.4044,46.0,78,86,11.01
537,Cubuk,TR,2021-03-28 02:14:44,40.2386,33.0322,33.01,93,0,1.14
538,Kirakira,SB,2021-03-28 02:14:44,-10.4544,161.9205,84.85,75,41,10.98
539,Hovd,MN,2021-03-28 02:14:44,48.0056,91.6419,32.85,24,1,2.01
540,Aketi,CD,2021-03-28 02:14:45,2.7388,23.7833,69.58,89,50,2.13
541,Iona,US,2021-03-28 02:14:45,26.5204,-81.964,77.0,78,1,5.5
542,Mumbwa,ZM,2021-03-28 02:14:45,-14.9783,27.0619,60.37,92,82,2.55
543,La Cumbre,AR,2021-03-28 02:14:45,-30.982,-64.4914,55.0,87,0,2.84
544,Saveh,IR,2021-03-28 02:14:46,35.0213,50.3566,46.36,37,0,13.6
545,Berdigestyakh,RU,2021-03-28 02:14:46,62.0989,126.6992,22.64,91,100,6.62
546,Gidole,ET,2021-03-28 02:14:46,5.65,37.3667,60.71,39,100,1.12
547,Guarapari,BR,2021-03-28 02:14:46,-20.6667,-40.4975,75.2,94,0,2.3
548,Kirkuk,IQ,2021-03-28 02:14:47,35.4681,44.3922,43.86,50,0,4.63
549,Tecoanapa,MX,2021-03-28 02:14:47,16.5167,-98.75,77.86,66,0,2.46
550,Visnes,NO,2021-03-28 02:14:47,59.3556,5.2242,43.0,87,75,12.66
551,Rujewa,TZ,2021-03-28 02:14:47,-8.7,34.3833,62.6,96,100,0.85
552,Iskateley,RU,2021-03-28 02:14:48,67.6803,53.1512,18.23,93,89,9.04
553,Dali,CN,2021-03-28 02:14:48,25.7,100.1833,64.04,23,3,3.69
554,Yaan,NG,2021-03-28 02:14:48,7.3833,8.5667,80.69,24,60,2.35
555,Cap Malheureux,MU,2021-03-28 02:14:48,-19.9842,57.6142,75.99,85,99,1.01
